{"2026": {"6": {"brand_net": {"PAMPS": 7678879.0, "WHSP": 3501572.0, "HS": 13071741.0, "PNTN": 4004032.0, "PERT": 1785243.0, "VS": 0.0, "HR": 7371482.0, "OLAY": 12780937.0, "TIDE": 5078.0, "ARIEL": 4189684.0, "BOLD": 37304.0, "LENOR": 4152896.0, "SARASA": 0.0, "FAIRY": 0.0, "FBRZ": 2581689.0, "JOY": 0.0, "GLT": 1068283.0, "ORALB": 2014720.0, "CREST": 4544114.0, "BRAUN": 849342.0}, "brand_giv": {"PAMPS": 6817211.649999998, "WHSP": 3376856.0680000014, "HS": 12239305.282000009, "PNTN": 3718568.1050000004, "PERT": 1697542.4219999993, "VS": 0.0, "HR": 6707771.744, "OLAY": 11128103.607000003, "TIDE": 4752.96, "ARIEL": 3907494.0500000007, "BOLD": 34482.90000000001, "LENOR": 3848799.0709999977, "SARASA": 0.0, "FAIRY": 0.0, "FBRZ": 2401814.1399999983, "JOY": 0.0, "GLT": 977984.7309999998, "ORALB": 1593211.3520000007, "CREST": 3950960.836000001, "BRAUN": 732484.8799999999}}}, "2025-07": {"brand_net": {"PAMPS": 17043800.0, "WHSP": 5133118.0, "HS": 6159938.0, "PNTN": 5321517.0, "PERT": 2896163.0, "VS": -5575.0, "HR": 4951682.0, "OLAY": 18228498.0, "TIDE": 20312.0, "ARIEL": 5957120.0, "BOLD": 104968.0, "LENOR": 2573534.0, "SARASA": 0.0, "FAIRY": 0.0, "FBRZ": 3781719.0, "JOY": 0.0, "GLT": 2573812.0, "ORALB": 3057221.0, "CREST": 3955617.0, "BRAUN": 1804924.0}, "brand_giv": {"PAMPS": 14946233.618000017, "WHSP": 4961232.006000001, "HS": 5626683.963000001, "PNTN": 5038721.706000003, "PERT": 2721589.383999984, "VS": -5195.388000000001, "HR": 4592655.672000004, "OLAY": 16707688.336999997, "TIDE": 19011.84, "ARIEL": 5632613.805999995, "BOLD": 91994.8, "LENOR": 2385710.852000001, "SARASA": 0.0, "FAIRY": 0.0, "FBRZ": 3630465.939999999, "JOY": 0.0, "GLT": 2315632.0919999876, "ORALB": 2575972.1810000017, "CREST": 3429534.1159999995, "BRAUN": 1623044.5099999998}}, "2025-08": {"brand_net": {"PAMPS": 19703511.0, "WHSP": 5698244.0, "HS": 8305868.0, "PNTN": 5812167.0, "PERT": 3597972.0, "VS": 20962.0, "HR": 5554034.0, "OLAY": 7200759.0, "TIDE": 12695.0, "ARIEL": 11216233.0, "BOLD": 2397628.0, "LENOR": 2835599.0, "SARASA": 0.0, "FAIRY": 0.0, "FBRZ": 5030062.0, "JOY": 0.0, "GLT": 3157544.0, "ORALB": 3418809.0, "CREST": 3959299.0, "BRAUN": 3294519.0}, "brand_giv": {"PAMPS": 17262689.91399999, "WHSP": 5513973.268999994, "HS": 8060334.3709999975, "PNTN": 5454830.069000004, "PERT": 3376301.581999999, "VS": 19534.447, "HR": 5157094.452000002, "OLAY": 6608260.512999994, "TIDE": 11882.4, "ARIEL": 10935315.895999998, "BOLD": 2206608.599999998, "LENOR": 2653223.8440000014, "SARASA": 0.0, "FAIRY": 0.0, "FBRZ": 4816954.589999997, "JOY": 0.0, "GLT": 2860299.5439999965, "ORALB": 2642575.022000002, "CREST": 3475735.1440000017, "BRAUN": 2836121.189999998}}, "2025-09": {"brand_net": {"PAMPS": 17982957.0, "WHSP": 4445167.0, "HS": 49453963.0, "PNTN": 22078581.0, "PERT": 2225879.0, "VS": -165.0, "HR": 3358255.0, "OLAY": 22293243.0, "TIDE": 15233.0, "ARIEL": 6868571.0, "BOLD": 117709.0, "LENOR": 2710539.0, "SARASA": 0.0, "FAIRY": 0.0, "FBRZ": 4907779.0, "JOY": 0.0, "GLT": 2911777.0, "ORALB": 3557151.0, "CREST": 1906021.0, "BRAUN": 2819934.0}, "brand_giv": {"PAMPS": 15826059.578000022, "WHSP": 4332727.594000022, "HS": 44189805.503999986, "PNTN": 20254363.354999956, "PERT": 2116779.5909999963, "VS": -161.095, "HR": 3165945.0640000002, "OLAY": 20438717.808, "TIDE": 14258.88, "ARIEL": 6562921.825, "BOLD": 108684.10000000002, "LENOR": 2523182.3040000005, "SARASA": 0.0, "FAIRY": 0.0, "FBRZ": 4712186.829999998, "JOY": 0.0, "GLT": 2640655.6879999945, "ORALB": 2724009.0870000017, "CREST": 1649771.7880000004, "BRAUN": 2445450.1300000004}}, "2025-10": {"brand_net": {"PAMPS": 23448585.0, "WHSP": 7351911.0, "HS": 6675203.0, "PNTN": 11571772.0, "PERT": 2787908.0, "VS": 174.0, "HR": 5263192.0, "OLAY": 10612512.0, "TIDE": 15234.0, "ARIEL": 11177004.0, "BOLD": 433829.0, "LENOR": 4517665.0, "SARASA": 0.0, "FAIRY": 0.0, "FBRZ": 3357808.0, "JOY": 0.0, "GLT": 3825341.0, "ORALB": 4535772.0, "CREST": 7996865.0, "BRAUN": 4063062.0}, "brand_giv": {"PAMPS": 20551860.145999994, "WHSP": 7080661.307000008, "HS": 6253014.240000002, "PNTN": 10532068.963999972, "PERT": 2646326.4489999856, "VS": 161.095, "HR": 4902348.344000003, "OLAY": 9748747.531999996, "TIDE": 14258.88, "ARIEL": 10529430.13699999, "BOLD": 452109.2499999998, "LENOR": 4225056.472000001, "SARASA": 0.0, "FAIRY": 0.0, "FBRZ": 3287998.944999998, "JOY": 0.0, "GLT": 3391078.8579999865, "ORALB": 3436253.7159999995, "CREST": 6903172.507999998, "BRAUN": 3541812.88}}, "2025-11": {"brand_net": {"PAMPS": 18513337.0, "WHSP": 6213296.0, "HS": 18052361.0, "PNTN": 6016753.0, "PERT": 1799814.0, "VS": 0.0, "HR": 7125190.0, "OLAY": 6278929.0, "TIDE": 2539.0, "ARIEL": 7986982.0, "BOLD": 80471.0, "LENOR": 2361161.0, "SARASA": 0.0, "FAIRY": 0.0, "FBRZ": 3738731.0, "JOY": 0.0, "GLT": 2031459.0, "ORALB": 1728828.0, "CREST": 4196401.0, "BRAUN": 1926955.0}, "brand_giv": {"PAMPS": 16370364.284000002, "WHSP": 6035252.923000006, "HS": 16810487.85999999, "PNTN": 5346094.279000002, "PERT": 1792603.304999996, "VS": 0.0, "HR": 6577062.476000002, "OLAY": 5757439.354999998, "TIDE": 2376.48, "ARIEL": 7548490.200999998, "BOLD": 74511.90000000002, "LENOR": 2247059.6200000015, "SARASA": 0.0, "FAIRY": 0.0, "FBRZ": 3603605.3300000024, "JOY": 0.0, "GLT": 1873385.7649999969, "ORALB": 1416891.9640000015, "CREST": 3667548.2040000004, "BRAUN": 1651702.5399999998}}, "2025-12": {"brand_net": {"PAMPS": 19512400.0, "WHSP": 9773321.0, "HS": 33274762.0, "PNTN": 19390170.0, "PERT": 2497277.0, "VS": 0.0, "HR": 15169361.0, "OLAY": 8208117.0, "TIDE": 7617.0, "ARIEL": 16707327.0, "BOLD": 35448.0, "LENOR": 2105761.0, "SARASA": 0.0, "FAIRY": 0.0, "FBRZ": 4488357.0, "JOY": 0.0, "GLT": 3262994.0, "ORALB": 2633642.0, "CREST": 2432877.0, "BRAUN": 5107492.0}, "brand_giv": {"PAMPS": 17048456.159000013, "WHSP": 9303807.995000118, "HS": 30053921.484000012, "PNTN": 17852325.222999997, "PERT": 2547589.1929999967, "VS": 0.0, "HR": 13834154.245000003, "OLAY": 7532307.502000004, "TIDE": 7129.44, "ARIEL": 15423547.370000003, "BOLD": 32075.200000000008, "LENOR": 1956403.9980000015, "SARASA": 0.0, "FAIRY": 0.0, "FBRZ": 4450153.629999999, "JOY": 0.0, "GLT": 2950541.478999997, "ORALB": 2156939.140000002, "CREST": 2140093.764, "BRAUN": 4367904.170000001}}, "2026-01": {"brand_net": {"PAMPS": 21213999.0, "WHSP": 8210511.0, "HS": 7555182.0, "PNTN": 6063155.0, "PERT": 2489974.0, "VS": 0.0, "HR": 6746985.0, "OLAY": 7638634.0, "TIDE": 25389.0, "ARIEL": 9452435.0, "BOLD": 327790.0, "LENOR": 5712268.0, "SARASA": 0.0, "FAIRY": 0.0, "FBRZ": 2436221.0, "JOY": 0.0, "GLT": 4315206.0, "ORALB": 3048192.0, "CREST": 2016935.0, "BRAUN": 3589571.0}, "brand_giv": {"PAMPS": 18451880.058000028, "WHSP": 7819452.900000004, "HS": 6893625.248000002, "PNTN": 5573386.278999997, "PERT": 2362916.509999986, "VS": 0.0, "HR": 6080877.716999998, "OLAY": 7016094.795999997, "TIDE": 23764.8, "ARIEL": 9379593.576000001, "BOLD": 298525.3, "LENOR": 5700650.49, "SARASA": 0.0, "FAIRY": 0.0, "FBRZ": 2317492.2550000004, "JOY": 0.0, "GLT": 3801091.274999983, "ORALB": 2348713.9400000013, "CREST": 1755450.6839999997, "BRAUN": 3045255.6650000005}}, "2026-02": {"brand_net": {"PAMPS": 17795472.0, "WHSP": 6942424.0, "HS": 9922713.0, "PNTN": 11210332.0, "PERT": 1916554.0, "VS": 0.0, "HR": 6245725.0, "OLAY": 10132894.0, "TIDE": 17772.0, "ARIEL": 7073678.0, "BOLD": 74330.0, "LENOR": 2404199.0, "SARASA": 0.0, "FAIRY": 0.0, "FBRZ": 1768827.0, "JOY": 0.0, "GLT": 6944662.0, "ORALB": 3614167.0, "CREST": 3646992.0, "BRAUN": 3895534.0}, "brand_giv": {"PAMPS": 15505020.376000002, "WHSP": 6719227.688999996, "HS": 9187424.303000001, "PNTN": 10246519.909999998, "PERT": 1858520.3419999972, "VS": 0.0, "HR": 5679790.294, "OLAY": 9300817.436999995, "TIDE": 16635.36, "ARIEL": 6939351.788999998, "BOLD": 71828.85, "LENOR": 2311022.659, "SARASA": 0.0, "FAIRY": 0.0, "FBRZ": 1785199.1500000015, "JOY": 0.0, "GLT": 6094164.804000009, "ORALB": 2659978.679000001, "CREST": 3163130.7119999994, "BRAUN": 3322602.12}}, "2026-03": {"brand_net": {"PAMPS": 18820980.0, "WHSP": 7406935.0, "HS": 33509787.0, "PNTN": 17065448.0,